https://www.instagram.com/rizqirmdhnnn/,https://www.instagram.com/jhordyw/
https://www.instagram.com/jhordyw/,https://www.instagram.com/rizqirmdhnnn/
https://www.instagram.com/random_mayvan/,https://www.instagram.com/jhordyw/
https://www.instagram.com/jhordyw/,https://www.instagram.com/random_mayvan/
https://www.instagram.com/mohfathan/,https://www.instagram.com/jhordyw/
https://www.instagram.com/jhordyw/,https://www.instagram.com/mohfathan/
https://www.instagram.com/mohray/,https://www.instagram.com/jhordyw/
https://www.instagram.com/jhordyw/,https://www.instagram.com/mohray/
https://www.instagram.com/robi_bisman/,https://www.instagram.com/jhordyw/
https://www.instagram.com/jhordyw/,https://www.instagram.com/robi_bisman/
https://www.instagram.com/serraloy/,https://www.instagram.com/jhordyw/
https://www.instagram.com/jhordyw/,https://www.instagram.com/serraloy/
https://www.instagram.com/bilatumasni/,https://www.instagram.com/jhordyw/
https://www.instagram.com/jhordyw/,https://www.instagram.com/bilatumasni/
https://www.instagram.com/mayivananda/,https://www.instagram.com/jhordyw/
https://www.instagram.com/jhordyw/,https://www.instagram.com/mayivananda/
https://www.instagram.com/hafizmrf3/,https://www.instagram.com/jhordyw/
https://www.instagram.com/jhordyw/,https://www.instagram.com/hafizmrf3/
https://www.instagram.com/rzqrmdhnn__/,https://www.instagram.com/jhordyw/
https://www.instagram.com/jhordyw/,https://www.instagram.com/rzqrmdhnn__/
https://www.instagram.com/jay_firdaus/,https://www.instagram.com/jhordyw/
https://www.instagram.com/jhordyw/,https://www.instagram.com/jay_firdaus/
https://www.instagram.com/anombagas/,https://www.instagram.com/jhordyw/
https://www.instagram.com/jhordyw/,https://www.instagram.com/anombagas/
https://www.instagram.com/dawaai/,https://www.instagram.com/jhordyw/
https://www.instagram.com/jhordyw/,https://www.instagram.com/dawaai/
https://www.instagram.com/royko79/,https://www.instagram.com/jhordyw/
https://www.instagram.com/jhordyw/,https://www.instagram.com/royko79/
https://www.instagram.com/bima_fkamagi/,https://www.instagram.com/jhordyw/
https://www.instagram.com/jhordyw/,https://www.instagram.com/bima_fkamagi/
https://www.instagram.com/fadhlanhawari/,https://www.instagram.com/jhordyw/
https://www.instagram.com/jhordyw/,https://www.instagram.com/fadhlanhawari/
https://www.instagram.com/ifajrianto/,https://www.instagram.com/jhordyw/
https://www.instagram.com/jhordyw/,https://www.instagram.com/ifajrianto/
https://www.instagram.com/ristiamuhammadpanji/,https://www.instagram.com/jhordyw/
https://www.instagram.com/jhordyw/,https://www.instagram.com/ristiamuhammadpanji/
https://www.instagram.com/fznn98/,https://www.instagram.com/jhordyw/
https://www.instagram.com/jhordyw/,https://www.instagram.com/fznn98/
https://www.instagram.com/agengbagus_/,https://www.instagram.com/jhordyw/
https://www.instagram.com/jhordyw/,https://www.instagram.com/agengbagus_/
https://www.instagram.com/aldyrw/,https://www.instagram.com/jhordyw/
https://www.instagram.com/jhordyw/,https://www.instagram.com/aldyrw/
https://www.instagram.com/roydavidm/,https://www.instagram.com/jhordyw/
https://www.instagram.com/jhordyw/,https://www.instagram.com/roydavidm/
https://www.instagram.com/santysw/,https://www.instagram.com/jhordyw/
https://www.instagram.com/jhordyw/,https://www.instagram.com/santysw/
https://www.instagram.com/ganangrz/,https://www.instagram.com/jhordyw/
https://www.instagram.com/jhordyw/,https://www.instagram.com/ganangrz/
https://www.instagram.com/silumannih/,https://www.instagram.com/jhordyw/
https://www.instagram.com/jhordyw/,https://www.instagram.com/silumannih/
https://www.instagram.com/irppaann/,https://www.instagram.com/jhordyw/
https://www.instagram.com/jhordyw/,https://www.instagram.com/irppaann/
https://www.instagram.com/bagusdc04/,https://www.instagram.com/jhordyw/
https://www.instagram.com/jhordyw/,https://www.instagram.com/bagusdc04/
https://www.instagram.com/febianiriskika/,https://www.instagram.com/jhordyw/
https://www.instagram.com/jhordyw/,https://www.instagram.com/febianiriskika/
https://www.instagram.com/taufanurrahman/,https://www.instagram.com/jhordyw/
https://www.instagram.com/jhordyw/,https://www.instagram.com/taufanurrahman/
https://www.instagram.com/viviehayley/,https://www.instagram.com/jhordyw/
https://www.instagram.com/jhordyw/,https://www.instagram.com/viviehayley/
https://www.instagram.com/_hafal/,https://www.instagram.com/jhordyw/
https://www.instagram.com/jhordyw/,https://www.instagram.com/_hafal/
https://www.instagram.com/ilhamjamil12/,https://www.instagram.com/jhordyw/
https://www.instagram.com/jhordyw/,https://www.instagram.com/ilhamjamil12/
https://www.instagram.com/bong_lisian/,https://www.instagram.com/jhordyw/
https://www.instagram.com/jhordyw/,https://www.instagram.com/bong_lisian/
https://www.instagram.com/iqbalyasiir/,https://www.instagram.com/jhordyw/
https://www.instagram.com/jhordyw/,https://www.instagram.com/iqbalyasiir/
https://www.instagram.com/davarp_/,https://www.instagram.com/jhordyw/
https://www.instagram.com/jhordyw/,https://www.instagram.com/davarp_/
https://www.instagram.com/rizqirmdhnnn/,https://www.instagram.com/mayivananda/
https://www.instagram.com/rizqirmdhnnn/,https://www.instagram.com/fznn98/
https://www.instagram.com/rizqirmdhnnn/,https://www.instagram.com/anombagas/
https://www.instagram.com/rizqirmdhnnn/,https://www.instagram.com/ilhamjamil12/
https://www.instagram.com/rizqirmdhnnn/,https://www.instagram.com/bagusdc04/
https://www.instagram.com/rizqirmdhnnn/,https://www.instagram.com/agengbagus_/
https://www.instagram.com/rizqirmdhnnn/,https://www.instagram.com/bima_fkamagi/
https://www.instagram.com/rizqirmdhnnn/,https://www.instagram.com/ristiamuhammadpanji/
https://www.instagram.com/rizqirmdhnnn/,https://www.instagram.com/ganangrz/
https://www.instagram.com/rizqirmdhnnn/,https://www.instagram.com/random_mayvan/
https://www.instagram.com/rizqirmdhnnn/,https://www.instagram.com/jay_firdaus/
https://www.instagram.com/random_mayvan/,https://www.instagram.com/agengbagus_/
https://www.instagram.com/random_mayvan/,https://www.instagram.com/ristiamuhammadpanji/
https://www.instagram.com/random_mayvan/,https://www.instagram.com/_hafal/
https://www.instagram.com/random_mayvan/,https://www.instagram.com/mayivananda/
https://www.instagram.com/random_mayvan/,https://www.instagram.com/roydavidm/
https://www.instagram.com/random_mayvan/,https://www.instagram.com/anombagas/
https://www.instagram.com/random_mayvan/,https://www.instagram.com/ilhamjamil12/
https://www.instagram.com/random_mayvan/,https://www.instagram.com/rizqirmdhnnn/
https://www.instagram.com/random_mayvan/,https://www.instagram.com/bagusdc04/
https://www.instagram.com/mohfathan/,https://www.instagram.com/santysw/
https://www.instagram.com/mohfathan/,https://www.instagram.com/royko79/
https://www.instagram.com/mohfathan/,https://www.instagram.com/serraloy/
https://www.instagram.com/mohfathan/,https://www.instagram.com/viviehayley/
https://www.instagram.com/mohray/,https://www.instagram.com/fznn98/
https://www.instagram.com/mohray/,https://www.instagram.com/taufanurrahman/
https://www.instagram.com/mohray/,https://www.instagram.com/aldyrw/
https://www.instagram.com/mohray/,https://www.instagram.com/anombagas/
https://www.instagram.com/robi_bisman/,https://www.instagram.com/fznn98/
https://www.instagram.com/robi_bisman/,https://www.instagram.com/ilhamjamil12/
https://www.instagram.com/robi_bisman/,https://www.instagram.com/aldyrw/
https://www.instagram.com/robi_bisman/,https://www.instagram.com/bagusdc04/
https://www.instagram.com/serraloy/,https://www.instagram.com/santysw/
https://www.instagram.com/serraloy/,https://www.instagram.com/viviehayley/
https://www.instagram.com/serraloy/,https://www.instagram.com/mohfathan/
https://www.instagram.com/bilatumasni/,https://www.instagram.com/febianiriskika/
https://www.instagram.com/mayivananda/,https://www.instagram.com/anombagas/
https://www.instagram.com/mayivananda/,https://www.instagram.com/bagusdc04/
https://www.instagram.com/mayivananda/,https://www.instagram.com/random_mayvan/
https://www.instagram.com/mayivananda/,https://www.instagram.com/roydavidm/
https://www.instagram.com/mayivananda/,https://www.instagram.com/iqbalyasiir/
https://www.instagram.com/mayivananda/,https://www.instagram.com/rzqrmdhnn__/
https://www.instagram.com/mayivananda/,https://www.instagram.com/ristiamuhammadpanji/
https://www.instagram.com/mayivananda/,https://www.instagram.com/ilhamjamil12/
https://www.instagram.com/mayivananda/,https://www.instagram.com/agengbagus_/
https://www.instagram.com/mayivananda/,https://www.instagram.com/_hafal/
https://www.instagram.com/mayivananda/,https://www.instagram.com/rizqirmdhnnn/
https://www.instagram.com/hafizmrf3/,https://www.instagram.com/irppaann/
https://www.instagram.com/hafizmrf3/,https://www.instagram.com/davarp_/
https://www.instagram.com/rzqrmdhnn__/,https://www.instagram.com/agengbagus_/
https://www.instagram.com/rzqrmdhnn__/,https://www.instagram.com/bima_fkamagi/
https://www.instagram.com/rzqrmdhnn__/,https://www.instagram.com/bagusdc04/
https://www.instagram.com/rzqrmdhnn__/,https://www.instagram.com/ristiamuhammadpanji/
https://www.instagram.com/rzqrmdhnn__/,https://www.instagram.com/aldyrw/
https://www.instagram.com/rzqrmdhnn__/,https://www.instagram.com/fznn98/
https://www.instagram.com/rzqrmdhnn__/,https://www.instagram.com/jay_firdaus/
https://www.instagram.com/rzqrmdhnn__/,https://www.instagram.com/ilhamjamil12/
https://www.instagram.com/rzqrmdhnn__/,https://www.instagram.com/mayivananda/
https://www.instagram.com/rzqrmdhnn__/,https://www.instagram.com/anombagas/
https://www.instagram.com/rzqrmdhnn__/,https://www.instagram.com/ganangrz/
https://www.instagram.com/jay_firdaus/,https://www.instagram.com/anombagas/
https://www.instagram.com/jay_firdaus/,https://www.instagram.com/aldyrw/
https://www.instagram.com/jay_firdaus/,https://www.instagram.com/ganangrz/
https://www.instagram.com/jay_firdaus/,https://www.instagram.com/ilhamjamil12/
https://www.instagram.com/jay_firdaus/,https://www.instagram.com/bagusdc04/
https://www.instagram.com/jay_firdaus/,https://www.instagram.com/rzqrmdhnn__/
https://www.instagram.com/jay_firdaus/,https://www.instagram.com/fznn98/
https://www.instagram.com/jay_firdaus/,https://www.instagram.com/agengbagus_/
https://www.instagram.com/jay_firdaus/,https://www.instagram.com/rizqirmdhnnn/
https://www.instagram.com/jay_firdaus/,https://www.instagram.com/ristiamuhammadpanji/
https://www.instagram.com/anombagas/,https://www.instagram.com/aldyrw/
https://www.instagram.com/anombagas/,https://www.instagram.com/jay_firdaus/
https://www.instagram.com/anombagas/,https://www.instagram.com/mayivananda/
https://www.instagram.com/anombagas/,https://www.instagram.com/bima_fkamagi/
https://www.instagram.com/anombagas/,https://www.instagram.com/random_mayvan/
https://www.instagram.com/anombagas/,https://www.instagram.com/rizqirmdhnnn/
https://www.instagram.com/anombagas/,https://www.instagram.com/silumannih/
https://www.instagram.com/anombagas/,https://www.instagram.com/ganangrz/
https://www.instagram.com/anombagas/,https://www.instagram.com/fadhlanhawari/
https://www.instagram.com/anombagas/,https://www.instagram.com/fznn98/
https://www.instagram.com/anombagas/,https://www.instagram.com/agengbagus_/
https://www.instagram.com/anombagas/,https://www.instagram.com/febianiriskika/
https://www.instagram.com/anombagas/,https://www.instagram.com/_hafal/
https://www.instagram.com/anombagas/,https://www.instagram.com/ristiamuhammadpanji/
https://www.instagram.com/anombagas/,https://www.instagram.com/bagusdc04/
https://www.instagram.com/anombagas/,https://www.instagram.com/mohray/
https://www.instagram.com/anombagas/,https://www.instagram.com/rzqrmdhnn__/
https://www.instagram.com/anombagas/,https://www.instagram.com/roydavidm/
https://www.instagram.com/anombagas/,https://www.instagram.com/ilhamjamil12/
https://www.instagram.com/dawaai/,https://www.instagram.com/aldyrw/
https://www.instagram.com/dawaai/,https://www.instagram.com/fznn98/
https://www.instagram.com/dawaai/,https://www.instagram.com/fadhlanhawari/
